{"EVE": {"C III": {"count": 18782, "sum": 2.6936312, "mean": 0.00014341557, "std": 8.507905e-06, "min": 0.000118211705, "max": 0.0002856854}, "Fe IX": {"count": 18782, "sum": 1.1282767, "mean": 6.0072234e-05, "std": 5.060705e-06, "min": 4.6926314e-05, "max": 8.1891885e-05}, "Fe VIII": {"count": 18782, "sum": 0.054395027, "mean": 2.8961254e-06, "std": 3.4583886e-07, "min": 1.9202769e-06, "max": 4.7693397e-06}, "Fe X": {"count": 18782, "sum": 0.8016795, "mean": 4.2683394e-05, "std": 4.4353337e-06, "min": 3.0006593e-05, "max": 5.6307475e-05}, "Fe XI": {"count": 18782, "sum": 1.1826426, "mean": 6.296681e-05, "std": 7.5927915e-06, "min": 3.9479648e-05, "max": 8.1325656e-05}, "Fe XII": {"count": 18782, "sum": 0.9545418, "mean": 5.082216e-05, "std": 7.959387e-06, "min": 2.5745196e-05, "max": 6.710999e-05}, "Fe XIII": {"count": 18782, "sum": 0.84517884, "mean": 4.4999408e-05, "std": 8.038054e-06, "min": 1.9627681e-05, "max": 6.0768652e-05}, "Fe XIV": {"count": 18782, "sum": 0.5849407, "mean": 3.1143685e-05, "std": 7.867743e-06, "min": 9.144259e-06, "max": 4.7583762e-05}, "Fe XIX": {"count": 18782, "sum": 0.018316949, "mean": 9.752396e-07, "std": 1.2482951e-07, "min": 6.037584e-07, "max": 2.3263588e-06}, "Fe XV": {"count": 18782, "sum": 1.2095313, "mean": 6.439843e-05, "std": 2.0501635e-05, "min": 1.2233671e-05, "max": 0.00011301887}, "Fe XVI": {"count": 18782, "sum": 0.6909001, "mean": 3.6785226e-05, "std": 1.3312534e-05, "min": 6.174209e-06, "max": 8.308579e-05}, "Fe XVIII": {"count": 18782, "sum": 0.12232286, "mean": 6.5127706e-06, "std": 1.2586994e-06, "min": 3.335621e-06, "max": 2.2704548e-05}, "Fe XX": {"count": 18782, "sum": 0.020630056, "mean": 1.098395e-06, "std": 4.6017638e-07, "min": 6.5682826e-07, "max": 3.2372125e-05}, "Fe XX_2": {"count": 18782, "sum": 0.022835866, "mean": 1.2158378e-06, "std": 2.0176496e-07, "min": 6.755478e-07, "max": 2.3218215e-06}, "Fe XX_3": {"count": 18782, "sum": 0.01812668, "mean": 9.651092e-07, "std": 1.9955145e-07, "min": 3.0690202e-07, "max": 3.9970173e-06}, "H I": {"count": 18782, "sum": 0.23845193, "mean": 1.2695768e-05, "std": 1.1909632e-06, "min": 9.432174e-06, "max": 3.9022903e-05}, "H I_2": {"count": 18782, "sum": 0.39325172, "mean": 2.093769e-05, "std": 1.8376388e-06, "min": 1.5856616e-05, "max": 3.5404002e-05}, "H I_3": {"count": 18782, "sum": 1.8017774, "mean": 9.593107e-05, "std": 9.355946e-06, "min": 7.047415e-05, "max": 0.00012107784}, "He I": {"count": 18782, "sum": 0.11454524, "mean": 6.0986713e-06, "std": 5.9622147e-07, "min": 4.567912e-06, "max": 8.240968e-06}, "He II": {"count": 18782, "sum": 0.73111606, "mean": 3.892642e-05, "std": 5.0408826e-06, "min": 2.544505e-05, "max": 5.149313e-05}, "He II_2": {"count": 18782, "sum": 9.900443, "mean": 0.000527124, "std": 4.1947565e-05, "min": 0.00043003223, "max": 0.0006980192}, "He I_2": {"count": 18782, "sum": 1.1023774, "mean": 5.869329e-05, "std": 7.498653e-06, "min": 3.8995084e-05, "max": 8.072914e-05}, "Mg IX": {"count": 18782, "sum": 0.77064776, "mean": 4.1031188e-05, "std": 3.88782e-06, "min": 2.9915425e-05, "max": 8.5972795e-05}, "Mg X": {"count": 18782, "sum": 0.24305816, "mean": 1.29410155e-05, "std": 2.9619787e-06, "min": 4.956329e-06, "max": 2.0147725e-05}, "Mg X_2": {"count": 18782, "sum": 0.24007706, "mean": 1.2782295e-05, "std": 2.192665e-06, "min": 6.8827917e-06, "max": 1.7817943e-05}, "Ne VII": {"count": 18782, "sum": 0.32841182, "mean": 1.7485456e-05, "std": 1.360829e-06, "min": 1.3540258e-05, "max": 2.3552184e-05}, "Ne VIII": {"count": 18782, "sum": 0.2749703, "mean": 1.4640096e-05, "std": 1.5643863e-06, "min": 1.04045985e-05, "max": 2.9689349e-05}, "O II": {"count": 18782, "sum": 0.043753598, "mean": 2.3295495e-06, "std": 1.8837737e-07, "min": 1.6905202e-06, "max": 4.9931355e-06}, "O III": {"count": 18782, "sum": 0.048939474, "mean": 2.6056582e-06, "std": 1.06004556e-07, "min": 2.284028e-06, "max": 3.4307868e-06}, "O III_2": {"count": 18782, "sum": 0.09133109, "mean": 4.862692e-06, "std": 1.783697e-07, "min": 4.325004e-06, "max": 6.486927e-06}, "O II_2": {"count": 18782, "sum": 0.6519375, "mean": 3.471076e-05, "std": 2.0188397e-06, "min": 2.817784e-05, "max": 8.399895e-05}, "O IV": {"count": 18782, "sum": 0.47151077, "mean": 2.5104397e-05, "std": 1.0567617e-06, "min": 1.9943342e-05, "max": 3.350091e-05}, "O IV_2": {"count": 18782, "sum": 0.30992422, "mean": 1.650113e-05, "std": 9.5357524e-07, "min": 1.3120043e-05, "max": 3.1258653e-05}, "O V": {"count": 18782, "sum": 0.9912783, "mean": 5.27781e-05, "std": 3.32666e-06, "min": 4.194371e-05, "max": 6.888477e-05}, "O VI": {"count": 18782, "sum": 1.2108039, "mean": 6.4466185e-05, "std": 5.470658e-06, "min": 4.919199e-05, "max": 0.00011162106}, "S XIV": {"count": 18782, "sum": 0.027072007, "mean": 1.4413804e-06, "std": 5.081782e-07, "min": 3.7809158e-07, "max": 3.6319068e-06}, "Si XII": {"count": 18782, "sum": 0.35142428, "mean": 1.8710694e-05, "std": 3.932481e-06, "min": 8.774757e-06, "max": 2.8054093e-05}, "Si XII_2": {"count": 18782, "sum": 0.14333251, "mean": 7.631376e-06, "std": 1.8803889e-06, "min": 2.8286297e-06, "max": 1.2242963e-05}, "eve_norm": [[0.00014341557, 6.0072234e-05, 2.8961254e-06, 4.2683394e-05, 6.296681e-05, 5.082216e-05, 4.4999408e-05, 3.1143685e-05, 9.752396e-07, 6.439843e-05, 3.6785226e-05, 6.5127706e-06, 1.098395e-06, 1.2158378e-06, 9.651092e-07, 1.2695768e-05, 2.093769e-05, 9.593107e-05, 6.0986713e-06, 3.892642e-05, 0.000527124, 5.869329e-05, 4.1031188e-05, 1.29410155e-05, 1.2782295e-05, 1.7485456e-05, 1.4640096e-05, 2.3295495e-06, 2.6056582e-06, 4.862692e-06, 3.471076e-05, 2.5104397e-05, 1.650113e-05, 5.27781e-05, 6.4466185e-05, 1.4413804e-06, 1.8710694e-05, 7.631376e-06], [8.507905e-06, 5.060705e-06, 3.4583886e-07, 4.4353337e-06, 7.5927915e-06, 7.959387e-06, 8.038054e-06, 7.867743e-06, 1.2482951e-07, 2.0501635e-05, 1.3312534e-05, 1.2586994e-06, 4.6017638e-07, 2.0176496e-07, 1.9955145e-07, 1.1909632e-06, 1.8376388e-06, 9.355946e-06, 5.9622147e-07, 5.0408826e-06, 4.1947565e-05, 7.498653e-06, 3.88782e-06, 2.9619787e-06, 2.192665e-06, 1.360829e-06, 1.5643863e-06, 1.8837737e-07, 1.06004556e-07, 1.783697e-07, 2.0188397e-06, 1.0567617e-06, 9.5357524e-07, 3.32666e-06, 5.470658e-06, 5.081782e-07, 3.932481e-06, 1.8803889e-06]]}, "AIA": {"131A": {"sum": 15892935000.0, "max": 6171.4946, "std": 4.8477335, "skew": 39.169228, "kurtosis": 25581.863, "image_count": 18782, "pixel_count": 4923588608, "mean": 3.2279168552337345}, "1600A": {"sum": 176390440000.0, "max": 5671.4297, "std": 37.188915, "skew": 0.5772377, "kurtosis": 3.3884873, "image_count": 18782, "pixel_count": 4923588608, "mean": 35.82558433606645}, "1700A": {"sum": 2193173800000.0, "max": 29252.732, "std": 469.71194, "skew": 0.5854043, "kurtosis": -0.81829596, "image_count": 18782, "pixel_count": 4923588608, "mean": 445.44212543925033}, "171A": {"sum": 539621920000.0, "max": 40491.76, "std": 124.78573, "skew": 3.6205952, "kurtosis": 40.80363, "image_count": 18782, "pixel_count": 4923588608, "mean": 109.59931051006282}, "193A": {"sum": 578194000000.0, "max": 39819.33, "std": 156.14503, "skew": 5.132458, "kurtosis": 70.68836, "image_count": 18782, "pixel_count": 4923588608, "mean": 117.43344691726121}, "211A": {"sum": 168741140000.0, "max": 5830.8804, "std": 59.378056, "skew": 8.700044, "kurtosis": 154.46028, "image_count": 18782, "pixel_count": 4923588608, "mean": 34.271982483228626}, "304A": {"sum": 141022720000.0, "max": 38612.754, "std": 33.392773, "skew": 5.969891, "kurtosis": 1299.4558, "image_count": 18782, "pixel_count": 4923588608, "mean": 28.642263869662443}, "335A": {"sum": 9964615000.0, "max": 6720.1743, "std": 5.014603, "skew": 28.80829, "kurtosis": 10258.686, "image_count": 18782, "pixel_count": 4923588608, "mean": 2.0238520009184326}, "94A": {"sum": 2622246400.0, "max": 12656.546, "std": 1.1255924, "skew": 1164.3372, "kurtosis": 8122452.0, "image_count": 18782, "pixel_count": 4923588608, "mean": 0.5325884448873922}}}