{"EVE": {"C III": {"count": 585, "sum": 0.08310063, "mean": 0.00014205236, "std": 9.286523e-06, "min": 0.00011931477, "max": 0.00017601607}, "Fe IX": {"count": 585, "sum": 0.034898758, "mean": 5.9655995e-05, "std": 5.9197782e-06, "min": 4.6942125e-05, "max": 7.806594e-05}, "Fe VIII": {"count": 585, "sum": 0.0016688891, "mean": 2.8528018e-06, "std": 4.1528838e-07, "min": 1.9424506e-06, "max": 3.705835e-06}, "Fe X": {"count": 585, "sum": 0.024544045, "mean": 4.1955635e-05, "std": 5.3584704e-06, "min": 3.0053314e-05, "max": 5.457377e-05}, "Fe XI": {"count": 585, "sum": 0.035925485, "mean": 6.141108e-05, "std": 9.294451e-06, "min": 4.0001407e-05, "max": 7.967273e-05}, "Fe XII": {"count": 585, "sum": 0.028736938, "mean": 4.912297e-05, "std": 9.616754e-06, "min": 2.7153526e-05, "max": 6.688024e-05}, "Fe XIII": {"count": 585, "sum": 0.025284545, "mean": 4.3221444e-05, "std": 9.545602e-06, "min": 2.0758804e-05, "max": 6.0774735e-05}, "Fe XIV": {"count": 585, "sum": 0.017332789, "mean": 2.9628698e-05, "std": 9.205132e-06, "min": 9.503766e-06, "max": 4.7280395e-05}, "Fe XIX": {"count": 585, "sum": 0.0005559922, "mean": 9.50414e-07, "std": 1.4479465e-07, "min": 6.165554e-07, "max": 1.3173889e-06}, "Fe XV": {"count": 585, "sum": 0.03592314, "mean": 6.1407074e-05, "std": 2.383066e-05, "min": 1.23088e-05, "max": 0.00010987069}, "Fe XVI": {"count": 585, "sum": 0.020836323, "mean": 3.5617646e-05, "std": 1.5494472e-05, "min": 6.2696486e-06, "max": 6.6741406e-05}, "Fe XVIII": {"count": 585, "sum": 0.0037367167, "mean": 6.38755e-06, "std": 1.4996299e-06, "min": 3.3606987e-06, "max": 1.0473622e-05}, "Fe XX": {"count": 585, "sum": 0.0006346839, "mean": 1.0849297e-06, "std": 3.13523e-07, "min": 6.639839e-07, "max": 4.6032897e-06}, "Fe XX_2": {"count": 585, "sum": 0.0006949496, "mean": 1.187948e-06, "std": 2.4158578e-07, "min": 6.8279945e-07, "max": 1.6524101e-06}, "Fe XX_3": {"count": 585, "sum": 0.00053416856, "mean": 9.1310864e-07, "std": 1.983242e-07, "min": 3.8733083e-07, "max": 2.186953e-06}, "H I": {"count": 585, "sum": 0.0073254434, "mean": 1.2522126e-05, "std": 1.2856683e-06, "min": 9.801294e-06, "max": 2.0562526e-05}, "H I_2": {"count": 585, "sum": 0.012082554, "mean": 2.0653939e-05, "std": 2.0300304e-06, "min": 1.608456e-05, "max": 2.5559968e-05}, "H I_3": {"count": 585, "sum": 0.055137917, "mean": 9.425285e-05, "std": 1.0772391e-05, "min": 7.20281e-05, "max": 0.00012082206}, "He I": {"count": 585, "sum": 0.0035200305, "mean": 6.017146e-06, "std": 6.9923146e-07, "min": 4.5955417e-06, "max": 7.907777e-06}, "He II": {"count": 585, "sum": 0.02233, "mean": 3.817094e-05, "std": 5.9414697e-06, "min": 2.5873216e-05, "max": 5.0599858e-05}, "He II_2": {"count": 585, "sum": 0.30639046, "mean": 0.0005237444, "std": 4.6527937e-05, "min": 0.00043327364, "max": 0.00062137475}, "He I_2": {"count": 585, "sum": 0.033630516, "mean": 5.748806e-05, "std": 8.8217685e-06, "min": 3.9267183e-05, "max": 7.962301e-05}, "Mg IX": {"count": 585, "sum": 0.0236109, "mean": 4.036051e-05, "std": 4.4767025e-06, "min": 3.2022075e-05, "max": 7.286819e-05}, "Mg X": {"count": 585, "sum": 0.0071616042, "mean": 1.2242059e-05, "std": 3.3712513e-06, "min": 5.104279e-06, "max": 1.8330536e-05}, "Mg X_2": {"count": 585, "sum": 0.0072843246, "mean": 1.2451837e-05, "std": 2.6505186e-06, "min": 6.997788e-06, "max": 1.7296783e-05}, "Ne VII": {"count": 585, "sum": 0.0101320855, "mean": 1.7319804e-05, "std": 1.6495944e-06, "min": 1.36814415e-05, "max": 2.1115144e-05}, "Ne VIII": {"count": 585, "sum": 0.008423322, "mean": 1.4398841e-05, "std": 1.8389728e-06, "min": 1.046695e-05, "max": 1.9049729e-05}, "O II": {"count": 585, "sum": 0.001331948, "mean": 2.276834e-06, "std": 2.1483132e-07, "min": 1.7325468e-06, "max": 4.198598e-06}, "O III": {"count": 585, "sum": 0.0015081642, "mean": 2.5780585e-06, "std": 1.1438412e-07, "min": 2.2924132e-06, "max": 2.8480536e-06}, "O III_2": {"count": 585, "sum": 0.0028176813, "mean": 4.8165493e-06, "std": 1.947297e-07, "min": 4.3422124e-06, "max": 5.2765777e-06}, "O II_2": {"count": 585, "sum": 0.01998372, "mean": 3.4160206e-05, "std": 2.228775e-06, "min": 2.8937022e-05, "max": 3.891738e-05}, "O IV": {"count": 585, "sum": 0.014545007, "mean": 2.4863259e-05, "std": 1.2086169e-06, "min": 2.2018137e-05, "max": 2.7488873e-05}, "O IV_2": {"count": 585, "sum": 0.009500968, "mean": 1.624097e-05, "std": 1.0836952e-06, "min": 1.3643395e-05, "max": 1.8440776e-05}, "O V": {"count": 585, "sum": 0.030380765, "mean": 5.1932933e-05, "std": 3.7827128e-06, "min": 4.2149022e-05, "max": 5.954645e-05}, "O VI": {"count": 585, "sum": 0.037193228, "mean": 6.357817e-05, "std": 6.316277e-06, "min": 4.9569313e-05, "max": 8.055562e-05}, "S XIV": {"count": 585, "sum": 0.00080447434, "mean": 1.3751699e-06, "std": 5.725192e-07, "min": 3.7185373e-07, "max": 2.7257568e-06}, "Si XII": {"count": 585, "sum": 0.0107828425, "mean": 1.8432209e-05, "std": 4.6636437e-06, "min": 8.976698e-06, "max": 2.7710024e-05}, "Si XII_2": {"count": 585, "sum": 0.0043672193, "mean": 7.465332e-06, "std": 2.2346826e-06, "min": 2.8874365e-06, "max": 1.18165035e-05}, "eve_norm": [[0.00014205236, 5.9655995e-05, 2.8528018e-06, 4.1955635e-05, 6.141108e-05, 4.912297e-05, 4.3221444e-05, 2.9628698e-05, 9.50414e-07, 6.1407074e-05, 3.5617646e-05, 6.38755e-06, 1.0849297e-06, 1.187948e-06, 9.1310864e-07, 1.2522126e-05, 2.0653939e-05, 9.425285e-05, 6.017146e-06, 3.817094e-05, 0.0005237444, 5.748806e-05, 4.036051e-05, 1.2242059e-05, 1.2451837e-05, 1.7319804e-05, 1.4398841e-05, 2.276834e-06, 2.5780585e-06, 4.8165493e-06, 3.4160206e-05, 2.4863259e-05, 1.624097e-05, 5.1932933e-05, 6.357817e-05, 1.3751699e-06, 1.8432209e-05, 7.465332e-06], [9.286523e-06, 5.9197782e-06, 4.1528838e-07, 5.3584704e-06, 9.294451e-06, 9.616754e-06, 9.545602e-06, 9.205132e-06, 1.4479465e-07, 2.383066e-05, 1.5494472e-05, 1.4996299e-06, 3.13523e-07, 2.4158578e-07, 1.983242e-07, 1.2856683e-06, 2.0300304e-06, 1.0772391e-05, 6.9923146e-07, 5.9414697e-06, 4.6527937e-05, 8.8217685e-06, 4.4767025e-06, 3.3712513e-06, 2.6505186e-06, 1.6495944e-06, 1.8389728e-06, 2.1483132e-07, 1.1438412e-07, 1.947297e-07, 2.228775e-06, 1.2086169e-06, 1.0836952e-06, 3.7827128e-06, 6.316277e-06, 5.725192e-07, 4.6636437e-06, 2.2346826e-06]]}, "AIA": {"131A": {"sum": 487348030.0, "max": 4320.491, "std": 4.6841416, "skew": 34.314983, "kurtosis": 17235.303, "image_count": 585, "pixel_count": 153354240, "mean": 3.1779234274839743}, "1600A": {"sum": 5485653000.0, "max": 2087.7622, "std": 37.03582, "skew": 0.52241164, "kurtosis": -0.33241272, "image_count": 585, "pixel_count": 153354240, "mean": 35.77112045940171}, "1700A": {"sum": 68264833000.0, "max": 6656.65, "std": 468.23395, "skew": 0.57361364, "kurtosis": -0.86849165, "image_count": 585, "pixel_count": 153354240, "mean": 445.14473824786324}, "171A": {"sum": 16639916000.0, "max": 7046.674, "std": 122.34797, "skew": 3.4562755, "kurtosis": 33.582737, "image_count": 585, "pixel_count": 153354240, "mean": 108.50639690170941}, "193A": {"sum": 17679917000.0, "max": 8866.189, "std": 152.9711, "skew": 5.0070133, "kurtosis": 54.50364, "image_count": 585, "pixel_count": 153354240, "mean": 115.2880876068376}, "211A": {"sum": 5125905400.0, "max": 5296.96, "std": 57.586742, "skew": 8.797551, "kurtosis": 159.47823, "image_count": 585, "pixel_count": 153354240, "mean": 33.42526041666667}, "304A": {"sum": 4362455600.0, "max": 7028.1094, "std": 32.76229, "skew": 3.94718, "kurtosis": 115.32026, "image_count": 585, "pixel_count": 153354240, "mean": 28.44691840277778}, "335A": {"sum": 301015650.0, "max": 2373.355, "std": 4.7905927, "skew": 24.218594, "kurtosis": 2595.3474, "image_count": 585, "pixel_count": 153354240, "mean": 1.9628778963007478}, "94A": {"sum": 79938540.0, "max": 1620.9945, "std": 1.0549524, "skew": 246.96031, "kurtosis": 212600.25, "image_count": 585, "pixel_count": 153354240, "mean": 0.5212672567775107}}}