{"EVE": {"C III": {"count": 4635, "sum": 0.6569625, "mean": 0.00014173948, "std": 9.09078e-06, "min": 0.000118211705, "max": 0.00031799526}, "Fe IX": {"count": 4635, "sum": 0.27768272, "mean": 5.9909973e-05, "std": 5.4410325e-06, "min": 4.70502e-05, "max": 7.9853504e-05}, "Fe VIII": {"count": 4635, "sum": 0.013152381, "mean": 2.8376228e-06, "std": 3.6807276e-07, "min": 1.935273e-06, "max": 3.914754e-06}, "Fe X": {"count": 4635, "sum": 0.19413829, "mean": 4.1885283e-05, "std": 4.738145e-06, "min": 3.0006593e-05, "max": 5.5729295e-05}, "Fe XI": {"count": 4635, "sum": 0.2828238, "mean": 6.101916e-05, "std": 8.015029e-06, "min": 3.9588456e-05, "max": 8.0830796e-05}, "Fe XII": {"count": 4635, "sum": 0.22484525, "mean": 4.85103e-05, "std": 8.347978e-06, "min": 2.5745196e-05, "max": 6.460471e-05}, "Fe XIII": {"count": 4635, "sum": 0.19724357, "mean": 4.2555246e-05, "std": 8.429765e-06, "min": 1.9723771e-05, "max": 5.9449783e-05}, "Fe XIV": {"count": 4635, "sum": 0.13374984, "mean": 2.8856493e-05, "std": 8.17665e-06, "min": 9.245819e-06, "max": 4.6069235e-05}, "Fe XIX": {"count": 4635, "sum": 0.0044426294, "mean": 9.584961e-07, "std": 1.3779616e-07, "min": 6.145229e-07, "max": 1.6540891e-06}, "Fe XV": {"count": 4635, "sum": 0.26935303, "mean": 5.8112844e-05, "std": 2.0282545e-05, "min": 1.23088e-05, "max": 0.00010362124}, "Fe XVI": {"count": 4635, "sum": 0.15293148, "mean": 3.2994925e-05, "std": 1.3126171e-05, "min": 6.174209e-06, "max": 6.7355366e-05}, "Fe XVIII": {"count": 4635, "sum": 0.028752577, "mean": 6.2033605e-06, "std": 1.2931924e-06, "min": 3.335621e-06, "max": 1.2883979e-05}, "Fe XX": {"count": 4635, "sum": 0.0049210796, "mean": 1.0617216e-06, "std": 4.4890996e-07, "min": 6.5682826e-07, "max": 1.638534e-05}, "Fe XX_2": {"count": 4635, "sum": 0.0054180627, "mean": 1.1689456e-06, "std": 2.1303033e-07, "min": 6.78192e-07, "max": 2.0578134e-06}, "Fe XX_3": {"count": 4635, "sum": 0.004306321, "mean": 9.290876e-07, "std": 2.0244369e-07, "min": 3.0690202e-07, "max": 3.055178e-06}, "H I": {"count": 4635, "sum": 0.058997683, "mean": 1.2728734e-05, "std": 1.2142906e-06, "min": 9.61021e-06, "max": 2.7556136e-05}, "H I_2": {"count": 4635, "sum": 0.09655469, "mean": 2.0831649e-05, "std": 1.9549886e-06, "min": 1.6004878e-05, "max": 3.5404002e-05}, "H I_3": {"count": 4635, "sum": 0.4352089, "mean": 9.38962e-05, "std": 9.916143e-06, "min": 7.077613e-05, "max": 0.00012050845}, "He I": {"count": 4635, "sum": 0.027667971, "mean": 5.9693575e-06, "std": 6.2582774e-07, "min": 4.567912e-06, "max": 7.861135e-06}, "He II": {"count": 4635, "sum": 0.17328577, "mean": 3.738636e-05, "std": 4.9970713e-06, "min": 2.544505e-05, "max": 4.8456728e-05}, "He II_2": {"count": 4635, "sum": 2.381434, "mean": 0.0005137937, "std": 3.896529e-05, "min": 0.0004301674, "max": 0.0006303291}, "He I_2": {"count": 4635, "sum": 0.26290387, "mean": 5.6721437e-05, "std": 7.9408865e-06, "min": 3.8995084e-05, "max": 8.028022e-05}, "Mg IX": {"count": 4635, "sum": 0.18684793, "mean": 4.031239e-05, "std": 4.13292e-06, "min": 3.1828884e-05, "max": 7.315135e-05}, "Mg X": {"count": 4635, "sum": 0.056248747, "mean": 1.2135652e-05, "std": 3.1802188e-06, "min": 4.956329e-06, "max": 1.8767323e-05}, "Mg X_2": {"count": 4635, "sum": 0.05643768, "mean": 1.2176414e-05, "std": 2.280644e-06, "min": 6.8827917e-06, "max": 1.7421116e-05}, "Ne VII": {"count": 4635, "sum": 0.0792295, "mean": 1.7093742e-05, "std": 1.4075513e-06, "min": 1.3610443e-05, "max": 2.1401607e-05}, "Ne VIII": {"count": 4635, "sum": 0.06555162, "mean": 1.4142745e-05, "std": 1.5652895e-06, "min": 1.041036e-05, "max": 1.9045994e-05}, "O II": {"count": 4635, "sum": 0.010619978, "mean": 2.2912575e-06, "std": 1.8956364e-07, "min": 1.749197e-06, "max": 3.1551467e-06}, "O III": {"count": 4635, "sum": 0.012013668, "mean": 2.5919458e-06, "std": 1.15769225e-07, "min": 2.2850397e-06, "max": 3.5250505e-06}, "O III_2": {"count": 4635, "sum": 0.02241442, "mean": 4.835905e-06, "std": 1.9638006e-07, "min": 4.3302093e-06, "max": 6.872087e-06}, "O II_2": {"count": 4635, "sum": 0.15889251, "mean": 3.4281016e-05, "std": 2.1689682e-06, "min": 2.881517e-05, "max": 5.30236e-05}, "O IV": {"count": 4635, "sum": 0.115201116, "mean": 2.485461e-05, "std": 1.1479608e-06, "min": 2.1982647e-05, "max": 3.3981927e-05}, "O IV_2": {"count": 4635, "sum": 0.07544507, "mean": 1.6277254e-05, "std": 1.0221672e-06, "min": 1.3495072e-05, "max": 2.492518e-05}, "O V": {"count": 4635, "sum": 0.24000257, "mean": 5.178049e-05, "std": 3.5336056e-06, "min": 4.194371e-05, "max": 6.533271e-05}, "O VI": {"count": 4635, "sum": 0.2937052, "mean": 6.336682e-05, "std": 5.7786333e-06, "min": 4.9678925e-05, "max": 9.35705e-05}, "S XIV": {"count": 4635, "sum": 0.0059150383, "mean": 1.276168e-06, "std": 5.033858e-07, "min": 3.799162e-07, "max": 2.9158664e-06}, "Si XII": {"count": 4635, "sum": 0.08243795, "mean": 1.7785966e-05, "std": 4.008381e-06, "min": 8.795928e-06, "max": 2.7730222e-05}, "Si XII_2": {"count": 4635, "sum": 0.033319052, "mean": 7.1885765e-06, "std": 1.927283e-06, "min": 2.8286297e-06, "max": 1.1940098e-05}, "eve_norm": [[0.00014173948, 5.9909973e-05, 2.8376228e-06, 4.1885283e-05, 6.101916e-05, 4.85103e-05, 4.2555246e-05, 2.8856493e-05, 9.584961e-07, 5.8112844e-05, 3.2994925e-05, 6.2033605e-06, 1.0617216e-06, 1.1689456e-06, 9.290876e-07, 1.2728734e-05, 2.0831649e-05, 9.38962e-05, 5.9693575e-06, 3.738636e-05, 0.0005137937, 5.6721437e-05, 4.031239e-05, 1.2135652e-05, 1.2176414e-05, 1.7093742e-05, 1.4142745e-05, 2.2912575e-06, 2.5919458e-06, 4.835905e-06, 3.4281016e-05, 2.485461e-05, 1.6277254e-05, 5.178049e-05, 6.336682e-05, 1.276168e-06, 1.7785966e-05, 7.1885765e-06], [9.09078e-06, 5.4410325e-06, 3.6807276e-07, 4.738145e-06, 8.015029e-06, 8.347978e-06, 8.429765e-06, 8.17665e-06, 1.3779616e-07, 2.0282545e-05, 1.3126171e-05, 1.2931924e-06, 4.4890996e-07, 2.1303033e-07, 2.0244369e-07, 1.2142906e-06, 1.9549886e-06, 9.916143e-06, 6.2582774e-07, 4.9970713e-06, 3.896529e-05, 7.9408865e-06, 4.13292e-06, 3.1802188e-06, 2.280644e-06, 1.4075513e-06, 1.5652895e-06, 1.8956364e-07, 1.15769225e-07, 1.9638006e-07, 2.1689682e-06, 1.1479608e-06, 1.0221672e-06, 3.5336056e-06, 5.7786333e-06, 5.033858e-07, 4.008381e-06, 1.927283e-06]]}, "HMI": {"Bx": {"sum": -57808856.0, "max": 2871.7678, "std": 41.267212, "skew": 0.0696295, "kurtosis": 50.488907, "image_count": 4635, "pixel_count": 1215037440, "mean": -0.04757783924748854}, "By": {"sum": 376409200.0, "max": 2333.0637, "std": 40.77167, "skew": 0.5607648, "kurtosis": 34.535637, "image_count": 4635, "pixel_count": 1215037440, "mean": 0.3097922776766451}, "Bz": {"sum": -66045200.0, "max": 2400.3074, "std": 13.623624, "skew": -33.659946, "kurtosis": 6109.3896, "image_count": 4635, "pixel_count": 1215037440, "mean": -0.05435651431448894}}}