{"EVE": {"Fe IX": {"count": 1233, "sum": 0.07157261, "mean": 5.8047535e-05, "std": 3.489595e-06, "min": 5.2314874e-05, "max": 6.4678934e-05}, "Fe VIII": {"count": 1233, "sum": 0.0029819696, "mean": 2.418467e-06, "std": 1.4155472e-07, "min": 2.1600179e-06, "max": 2.7204212e-06}}, "AIA": {"171A": {"sum": 37727196672.0, "count": 323223552, "max": 8203.679}, "193A": {"sum": 40904559104.0, "count": 323223552, "max": 8268.096}, "304A": {"sum": 9488670592.0, "count": 323223552, "max": 6669.4175}}}