{"EVE": {"Fe IX": {"count": 2627, "sum": 0.15730613, "mean": 5.9880524e-05, "std": 5.014845e-06, "min": 4.6942125e-05, "max": 8.1733866e-05}, "Fe VIII": {"count": 2627, "sum": 0.007539355, "mean": 2.8699487e-06, "std": 3.7443442e-07, "min": 1.96126e-06, "max": 4.0351856e-06}, "Fe X": {"count": 2627, "sum": 0.1112095, "mean": 4.2333268e-05, "std": 4.7185335e-06, "min": 2.9978066e-05, "max": 5.6189838e-05}, "Fe XI": {"count": 2627, "sum": 0.16297495, "mean": 6.203843e-05, "std": 8.392702e-06, "min": 3.9349237e-05, "max": 8.0290236e-05}, "Fe XII": {"count": 2627, "sum": 0.13058405, "mean": 4.970843e-05, "std": 9.10114e-06, "min": 2.5674059e-05, "max": 6.688024e-05}, "Fe XIII": {"count": 2627, "sum": 0.11514987, "mean": 4.383322e-05, "std": 9.434333e-06, "min": 1.9604182e-05, "max": 6.056564e-05}, "Fe XIV": {"count": 2627, "sum": 0.079261914, "mean": 3.0172027e-05, "std": 9.11432e-06, "min": 9.191051e-06, "max": 4.752103e-05}, "Fe XV": {"count": 2627, "sum": 0.16217762, "mean": 6.1734914e-05, "std": 2.294911e-05, "min": 1.23088e-05, "max": 0.00011295744}, "Fe XVI": {"count": 2627, "sum": 0.092514366, "mean": 3.5216737e-05, "std": 1.4486192e-05, "min": 6.2696486e-06, "max": 7.808171e-05}, "Fe XVIII": {"count": 2627, "sum": 0.016774643, "mean": 6.385475e-06, "std": 1.4023956e-06, "min": 3.3515664e-06, "max": 1.4998416e-05}, "Fe XX": {"count": 2627, "sum": 0.002847587, "mean": 1.0839692e-06, "std": 4.687643e-07, "min": 6.60966e-07, "max": 1.50003025e-05}, "He II": {"count": 2627, "sum": 0.1006897, "mean": 3.8328777e-05, "std": 5.5121645e-06, "min": 2.5322499e-05, "max": 5.160495e-05}, "He II_2": {"count": 2627, "sum": 1.3728279, "mean": 0.0005225839, "std": 4.4273875e-05, "min": 0.0004281729, "max": 0.00064371666}, "Mg IX": {"count": 2627, "sum": 0.10758094, "mean": 4.0952014e-05, "std": 3.9282136e-06, "min": 3.1680505e-05, "max": 7.286819e-05}, "eve_norm": [[5.9880524e-05, 2.8699487e-06, 4.2333268e-05, 6.203843e-05, 4.970843e-05, 4.383322e-05, 3.0172027e-05, 6.1734914e-05, 3.5216737e-05, 6.385475e-06, 1.0839692e-06, 3.8328777e-05, 0.0005225839, 4.0952014e-05], [5.014845e-06, 3.7443442e-07, 4.7185335e-06, 8.392702e-06, 9.10114e-06, 9.434333e-06, 9.11432e-06, 2.294911e-05, 1.4486192e-05, 1.4023956e-06, 4.687643e-07, 5.5121645e-06, 4.4273875e-05, 3.9282136e-06]]}, "AIA": {"131A": {"sum": 2518366200.0, "max": 52404.54, "std": 7.642277, "skew": 1330.635, "kurtosis": 7136724.0, "image_count": 2627, "pixel_count": 688652288, "mean": 3.6569488722877805}, "1600A": {"sum": 25010127000.0, "max": 6438.899, "std": 38.059525, "skew": 0.74785167, "kurtosis": 13.670876, "image_count": 2627, "pixel_count": 688652288, "mean": 36.31749619337648}, "1700A": {"sum": 308333540000.0, "max": 7028.3823, "std": 474.68283, "skew": 0.625254, "kurtosis": -0.6452186, "image_count": 2627, "pixel_count": 688652288, "mean": 447.7347259231062}, "171A": {"sum": 80440630000.0, "max": 13297.814, "std": 144.70076, "skew": 4.210299, "kurtosis": 40.498306, "image_count": 2627, "pixel_count": 688652288, "mean": 116.80877664636468}, "193A": {"sum": 95398770000.0, "max": 82356.62, "std": 193.4358, "skew": 5.5073085, "kurtosis": 220.73105, "image_count": 2627, "pixel_count": 688652288, "mean": 138.52966787209746}, "211A": {"sum": 30453572000.0, "max": 6335.361, "std": 80.38537, "skew": 7.1389747, "kurtosis": 96.278656, "image_count": 2627, "pixel_count": 688652288, "mean": 44.22198562999619}, "304A": {"sum": 20682043000.0, "max": 21017.854, "std": 37.677166, "skew": 8.465302, "kurtosis": 1221.5474, "image_count": 2627, "pixel_count": 688652288, "mean": 30.032635848877046}, "335A": {"sum": 1724353500.0, "max": 6334.875, "std": 6.3599167, "skew": 17.63224, "kurtosis": 3062.879, "image_count": 2627, "pixel_count": 688652288, "mean": 2.503953832794062}, "94A": {"sum": 440307680.0, "max": 3815.102, "std": 1.6369416, "skew": 367.54208, "kurtosis": 483057.3, "image_count": 2627, "pixel_count": 688652288, "mean": 0.6393759051883089}}}