{"EVE": {"C III": {"count": 28, "sum": 0.004312441, "mean": 0.00015401575, "std": 1.1704657e-06, "min": 0.00015198137, "max": 0.00015711882}, "Fe IX": {"count": 28, "sum": 0.0016901203, "mean": 6.036144e-05, "std": 3.8297028e-07, "min": 5.9693102e-05, "max": 6.092091e-05}, "Fe VIII": {"count": 28, "sum": 8.285366e-05, "mean": 2.9590592e-06, "std": 2.8229339e-08, "min": 2.900936e-06, "max": 3.0012563e-06}, "Fe X": {"count": 28, "sum": 0.0011853375, "mean": 4.2333482e-05, "std": 1.4899604e-07, "min": 4.1975858e-05, "max": 4.260732e-05}, "Fe XI": {"count": 28, "sum": 0.0017251427, "mean": 6.161224e-05, "std": 1.4045615e-07, "min": 6.135446e-05, "max": 6.1931394e-05}, "Fe XII": {"count": 28, "sum": 0.0013929561, "mean": 4.9748433e-05, "std": 1.5490224e-07, "min": 4.9485574e-05, "max": 5.003653e-05}, "Fe XIII": {"count": 28, "sum": 0.001237705, "mean": 4.420375e-05, "std": 1.427252e-07, "min": 4.397868e-05, "max": 4.4511497e-05}, "Fe XIV": {"count": 28, "sum": 0.00086560874, "mean": 3.0914598e-05, "std": 1.0287197e-07, "min": 3.0673895e-05, "max": 3.1074364e-05}, "Fe XIX": {"count": 28, "sum": 2.8505805e-05, "mean": 1.0180645e-06, "std": 1.1659469e-08, "min": 9.953474e-07, "max": 1.0450451e-06}, "Fe XV": {"count": 28, "sum": 0.0016462845, "mean": 5.8795875e-05, "std": 2.858714e-07, "min": 5.8269023e-05, "max": 5.9307295e-05}, "Fe XVI": {"count": 28, "sum": 0.0015879235, "mean": 5.6711553e-05, "std": 1.7269136e-06, "min": 5.2094896e-05, "max": 5.89689e-05}, "Fe XVIII": {"count": 28, "sum": 0.00018410338, "mean": 6.5751206e-06, "std": 2.5872735e-08, "min": 6.5229783e-06, "max": 6.631531e-06}, "Fe XVI_2": {"count": 28, "sum": 0.0007199971, "mean": 2.5714182e-05, "std": 3.489175e-07, "min": 2.4881701e-05, "max": 2.6390677e-05}, "Fe XX": {"count": 28, "sum": 2.961837e-05, "mean": 1.057799e-06, "std": 1.0215027e-08, "min": 1.0321907e-06, "max": 1.073675e-06}, "Fe XX_2": {"count": 28, "sum": 3.783865e-05, "mean": 1.3513803e-06, "std": 1.411119e-08, "min": 1.3239642e-06, "max": 1.3837221e-06}, "Fe XX_3": {"count": 28, "sum": 2.4227978e-05, "mean": 8.6528496e-07, "std": 6.249947e-08, "min": 7.5744134e-07, "max": 9.729919e-07}, "H I": {"count": 28, "sum": 0.00040536083, "mean": 1.4477172e-05, "std": 3.4428524e-07, "min": 1.401599e-05, "max": 1.5502843e-05}, "H I_2": {"count": 28, "sum": 0.0006647828, "mean": 2.3742245e-05, "std": 4.573248e-07, "min": 2.2926137e-05, "max": 2.4482104e-05}, "H I_3": {"count": 28, "sum": 0.0029071784, "mean": 0.0001038278, "std": 8.841035e-07, "min": 0.00010221891, "max": 0.00010544388}, "He I": {"count": 28, "sum": 0.00018936732, "mean": 6.7631186e-06, "std": 4.42264e-08, "min": 6.6501398e-06, "max": 6.840004e-06}, "He II": {"count": 28, "sum": 0.0010498754, "mean": 3.749555e-05, "std": 1.6270296e-07, "min": 3.7150585e-05, "max": 3.7892067e-05}, "He II_2": {"count": 28, "sum": 0.014617575, "mean": 0.00052205625, "std": 1.4941243e-06, "min": 0.00051954365, "max": 0.00052477355}, "He I_2": {"count": 28, "sum": 0.0018380868, "mean": 6.564595e-05, "std": 2.4667526e-07, "min": 6.495329e-05, "max": 6.6102286e-05}, "Mg IX": {"count": 28, "sum": 0.0020178887, "mean": 7.206745e-05, "std": 7.674146e-07, "min": 7.0599446e-05, "max": 7.36678e-05}, "Mg X": {"count": 28, "sum": 0.00051500025, "mean": 1.8392866e-05, "std": 1.6888322e-07, "min": 1.8055616e-05, "max": 1.865226e-05}, "Mg X_2": {"count": 28, "sum": 0.00039592295, "mean": 1.4140105e-05, "std": 8.051542e-08, "min": 1.3927129e-05, "max": 1.4304625e-05}, "Ne VII": {"count": 28, "sum": 0.0005188769, "mean": 1.8531317e-05, "std": 1.6881867e-07, "min": 1.8186252e-05, "max": 1.8897781e-05}, "Ne VIII": {"count": 28, "sum": 0.00043040284, "mean": 1.537153e-05, "std": 1.8095152e-07, "min": 1.5001137e-05, "max": 1.572136e-05}, "O II": {"count": 28, "sum": 6.3755906e-05, "mean": 2.2769966e-06, "std": 6.353855e-08, "min": 2.156872e-06, "max": 2.4072203e-06}, "O III": {"count": 28, "sum": 7.702165e-05, "mean": 2.7507733e-06, "std": 1.977311e-08, "min": 2.6985656e-06, "max": 2.7939034e-06}, "O III_2": {"count": 28, "sum": 0.00014412326, "mean": 5.1472593e-06, "std": 4.383203e-08, "min": 5.0678505e-06, "max": 5.273709e-06}, "O II_2": {"count": 28, "sum": 0.0010165708, "mean": 3.63061e-05, "std": 3.475102e-07, "min": 3.56977e-05, "max": 3.682215e-05}, "O IV": {"count": 28, "sum": 0.00072699966, "mean": 2.5964273e-05, "std": 1.18099635e-07, "min": 2.5707443e-05, "max": 2.618297e-05}, "O IV_2": {"count": 28, "sum": 0.0004822556, "mean": 1.7223414e-05, "std": 1.7914455e-07, "min": 1.6686807e-05, "max": 1.75921e-05}, "O V": {"count": 28, "sum": 0.0015741057, "mean": 5.621806e-05, "std": 2.885999e-07, "min": 5.566333e-05, "max": 5.692999e-05}, "O VI": {"count": 28, "sum": 0.0020044744, "mean": 7.158837e-05, "std": 7.5095227e-07, "min": 7.006864e-05, "max": 7.371432e-05}, "S XIV": {"count": 28, "sum": 4.7626796e-05, "mean": 1.700957e-06, "std": 3.7488988e-08, "min": 1.5864116e-06, "max": 1.7720837e-06}, "Si XII": {"count": 28, "sum": 0.00055301323, "mean": 1.9750472e-05, "std": 5.127945e-08, "min": 1.9658215e-05, "max": 1.9840043e-05}, "Si XII_2": {"count": 28, "sum": 0.00023644065, "mean": 8.444309e-06, "std": 3.676547e-08, "min": 8.38555e-06, "max": 8.51976e-06}, "eve_norm": [[0.00015401575, 6.036144e-05, 2.9590592e-06, 4.2333482e-05, 6.161224e-05, 4.9748433e-05, 4.420375e-05, 3.0914598e-05, 1.0180645e-06, 5.8795875e-05, 5.6711553e-05, 6.5751206e-06, 2.5714182e-05, 1.057799e-06, 1.3513803e-06, 8.6528496e-07, 1.4477172e-05, 2.3742245e-05, 0.0001038278, 6.7631186e-06, 3.749555e-05, 0.00052205625, 6.564595e-05, 7.206745e-05, 1.8392866e-05, 1.4140105e-05, 1.8531317e-05, 1.537153e-05, 2.2769966e-06, 2.7507733e-06, 5.1472593e-06, 3.63061e-05, 2.5964273e-05, 1.7223414e-05, 5.621806e-05, 7.158837e-05, 1.700957e-06, 1.9750472e-05, 8.444309e-06], [1.1704657e-06, 3.8297028e-07, 2.8229339e-08, 1.4899604e-07, 1.4045615e-07, 1.5490224e-07, 1.427252e-07, 1.0287197e-07, 1.1659469e-08, 2.858714e-07, 1.7269136e-06, 2.5872735e-08, 3.489175e-07, 1.0215027e-08, 1.411119e-08, 6.249947e-08, 3.4428524e-07, 4.573248e-07, 8.841035e-07, 4.42264e-08, 1.6270296e-07, 1.4941243e-06, 2.4667526e-07, 7.674146e-07, 1.6888322e-07, 8.051542e-08, 1.6881867e-07, 1.8095152e-07, 6.353855e-08, 1.977311e-08, 4.383203e-08, 3.475102e-07, 1.18099635e-07, 1.7914455e-07, 2.885999e-07, 7.5095227e-07, 3.7488988e-08, 5.127945e-08, 3.676547e-08]]}, "AIA": {"131A": {"sum": 21232236.0, "max": 80.51632, "std": 3.3979712, "skew": 3.0226066, "kurtosis": 16.934952, "image_count": 28, "pixel_count": 7340032, "mean": 2.892662593296596}, "1600A": {"sum": 260870260.0, "max": 675.4389, "std": 36.181816, "skew": 0.397451, "kurtosis": -1.1882685, "image_count": 28, "pixel_count": 7340032, "mean": 35.54075186593192}, "1700A": {"sum": 3265632800.0, "max": 3105.9285, "std": 461.76694, "skew": 0.5091601, "kurtosis": -1.1105386, "image_count": 28, "pixel_count": 7340032, "mean": 444.9071568080357}, "171A": {"sum": 761979500.0, "max": 1455.3262, "std": 104.03124, "skew": 1.4676341, "kurtosis": 3.7153993, "image_count": 28, "pixel_count": 7340032, "mean": 103.81147112165179}, "193A": {"sum": 738429100.0, "max": 2785.2478, "std": 119.343285, "skew": 3.2642453, "kurtosis": 18.626183, "image_count": 28, "pixel_count": 7340032, "mean": 100.60298374720982}, "211A": {"sum": 200210320.0, "max": 1110.3741, "std": 36.211754, "skew": 5.6556506, "kurtosis": 64.61975, "image_count": 28, "pixel_count": 7340032, "mean": 27.27649143763951}, "304A": {"sum": 199999090.0, "max": 598.07666, "std": 28.654394, "skew": 1.1812941, "kurtosis": 3.7691011, "image_count": 28, "pixel_count": 7340032, "mean": 27.247713361467635}, "335A": {"sum": 11243472.0, "max": 122.15884, "std": 1.9853952, "skew": 8.577897, "kurtosis": 165.84612, "image_count": 28, "pixel_count": 7340032, "mean": 1.531801496233259}, "94A": {"sum": 3274407.8, "max": 311.60123, "std": 0.5641026, "skew": 28.804783, "kurtosis": 13174.576, "image_count": 28, "pixel_count": 7340032, "mean": 0.4461026532309396}}}