{"EVE": {"Fe IX": {"count": 2627, "sum": 0.15730613, "mean": 5.9880524e-05, "std": 5.014845e-06, "min": 4.6942125e-05, "max": 8.1733866e-05}, "Fe VIII": {"count": 2627, "sum": 0.007539355, "mean": 2.8699487e-06, "std": 3.7443442e-07, "min": 1.96126e-06, "max": 4.0351856e-06}, "Fe X": {"count": 2627, "sum": 0.1112095, "mean": 4.2333268e-05, "std": 4.7185335e-06, "min": 2.9978066e-05, "max": 5.6189838e-05}, "Fe XI": {"count": 2627, "sum": 0.16297495, "mean": 6.203843e-05, "std": 8.392702e-06, "min": 3.9349237e-05, "max": 8.0290236e-05}, "Fe XII": {"count": 2627, "sum": 0.13058405, "mean": 4.970843e-05, "std": 9.10114e-06, "min": 2.5674059e-05, "max": 6.688024e-05}, "Fe XIII": {"count": 2627, "sum": 0.11514987, "mean": 4.383322e-05, "std": 9.434333e-06, "min": 1.9604182e-05, "max": 6.056564e-05}, "Fe XIV": {"count": 2627, "sum": 0.079261914, "mean": 3.0172027e-05, "std": 9.11432e-06, "min": 9.191051e-06, "max": 4.752103e-05}, "Fe XV": {"count": 2627, "sum": 0.16217762, "mean": 6.1734914e-05, "std": 2.294911e-05, "min": 1.23088e-05, "max": 0.00011295744}, "Fe XVI": {"count": 2627, "sum": 0.092514366, "mean": 3.5216737e-05, "std": 1.4486192e-05, "min": 6.2696486e-06, "max": 7.808171e-05}, "Fe XVIII": {"count": 2627, "sum": 0.016774643, "mean": 6.385475e-06, "std": 1.4023956e-06, "min": 3.3515664e-06, "max": 1.4998416e-05}, "Fe XX": {"count": 2627, "sum": 0.002847587, "mean": 1.0839692e-06, "std": 4.687643e-07, "min": 6.60966e-07, "max": 1.50003025e-05}, "He II": {"count": 2627, "sum": 0.1006897, "mean": 3.8328777e-05, "std": 5.5121645e-06, "min": 2.5322499e-05, "max": 5.160495e-05}, "He II_2": {"count": 2627, "sum": 1.3728279, "mean": 0.0005225839, "std": 4.4273875e-05, "min": 0.0004281729, "max": 0.00064371666}, "Mg IX": {"count": 2627, "sum": 0.10758094, "mean": 4.0952014e-05, "std": 3.9282136e-06, "min": 3.1680505e-05, "max": 7.286819e-05}, "eve_norm": [[5.9880524e-05, 2.8699487e-06, 4.2333268e-05, 6.203843e-05, 4.970843e-05, 4.383322e-05, 3.0172027e-05, 6.1734914e-05, 3.5216737e-05, 6.385475e-06, 1.0839692e-06, 3.8328777e-05, 0.0005225839, 4.0952014e-05], [5.014845e-06, 3.7443442e-07, 4.7185335e-06, 8.392702e-06, 9.10114e-06, 9.434333e-06, 9.11432e-06, 2.294911e-05, 1.4486192e-05, 1.4023956e-06, 4.687643e-07, 5.5121645e-06, 4.4273875e-05, 3.9282136e-06]]}, "AIA": {"131A": {"sum": 2927700832.0, "count": 2627, "max": 104284.95, "mean": 1114465.4861058241}, "1600A": {"sum": 25521792128.0, "count": 2627, "max": 7797.523, "mean": 9715185.431290446}, "1700A": {"sum": 313099649024.0, "count": 2627, "max": 14546.04, "mean": 119185248.96231443}, "171A": {"sum": 83726934016.0, "count": 2627, "max": 29421.947, "mean": 31871691.66958508}, "193A": {"sum": 116675033088.0, "count": 2627, "max": 183195.06, "mean": 44413792.57251618}, "211A": {"sum": 40477340416.0, "count": 2627, "max": 6892.145, "mean": 15408199.625428244}, "304A": {"sum": 22643091712.0, "count": 2627, "max": 28032.432, "mean": 8619372.558812333}, "335A": {"sum": 2169747088.0, "count": 2627, "max": 6318.934, "mean": 825941.0308336505}, "94A": {"sum": 558616828.0, "count": 2627, "max": 5861.7817, "mean": 212644.3958888466}}}