{
	"EVE": {
		"Fe IX": {
			"count": 30252,
			"sum": 1.8116854,
			"mean": 5.9886468e-05,
			"std": 5.001386e-06,
			"min": 4.674633e-05,
			"max": 8.1915845e-05
		},
		"Fe VIII": {
			"count": 30252,
			"sum": 0.08686866,
			"mean": 2.8715012e-06,
			"std": 3.7274665e-07,
			"min": 1.9322476e-06,
			"max": 5.47589e-06
		},
		"Fe X": {
			"count": 30252,
			"sum": 1.2817023,
			"mean": 4.2367523e-05,
			"std": 4.702545e-06,
			"min": 2.981389e-05,
			"max": 5.627601e-05
		},
		"Fe XI": {
			"count": 30252,
			"sum": 1.8788269,
			"mean": 6.210587e-05,
			"std": 8.369636e-06,
			"min": 3.930007e-05,
			"max": 8.120057e-05
		},
		"Fe XII": {
			"count": 30252,
			"sum": 1.5062408,
			"mean": 4.9789793e-05,
			"std": 9.077703e-06,
			"min": 2.5660229e-05,
			"max": 6.691433e-05
		},
		"Fe XIII": {
			"count": 30252,
			"sum": 1.3288366,
			"mean": 4.392558e-05,
			"std": 9.414017e-06,
			"min": 1.9533783e-05,
			"max": 6.102398e-05
		},
		"Fe XIV": {
			"count": 30252,
			"sum": 0.9155529,
			"mean": 3.0264211e-05,
			"std": 9.103779e-06,
			"min": 9.126226e-06,
			"max": 4.749074e-05
		},
		"Fe XV": {
			"count": 30252,
			"sum": 1.8737993,
			"mean": 6.193968e-05,
			"std": 2.2917955e-05,
			"min": 1.2193142e-05,
			"max": 0.00011328625
		},
		"Fe XVI": {
			"count": 30252,
			"sum": 1.068435,
			"mean": 3.531783e-05,
			"std": 1.44316145e-05,
			"min": 6.183311e-06,
			"max": 8.309743e-05
		},
		"Fe XVIII": {
			"count": 30252,
			"sum": 0.19338265,
			"mean": 6.392392e-06,
			"std": 1.3938404e-06,
			"min": 3.3236074e-06,
			"max": 2.6603038e-05
		},
		"Fe XX": {
			"count": 30252,
			"sum": 0.032907613,
			"mean": 1.0877831e-06,
			"std": 6.291374e-07,
			"min": 6.5865214e-07,
			"max": 5.0800667e-05
		},
		"He II": {
			"count": 30252,
			"sum": 1.1605418,
			"mean": 3.836248e-05,
			"std": 5.5023015e-06,
			"min": 2.5276959e-05,
			"max": 5.1542494e-05
		},
		"He II_2": {
			"count": 30252,
			"sum": 15.81566,
			"mean": 0.00052279717,
			"std": 4.42926e-05,
			"min": 0.0004270519,
			"max": 0.0007369805
		},
		"Mg IX": {
			"count": 30252,
			"sum": 1.240401,
			"mean": 4.100228e-05,
			"std": 3.906231e-06,
			"min": 3.0386102e-05,
			"max": 7.762956e-05
		},
		"eve_norm": [
			[
				5.9886468e-05,
				2.8715012e-06,
				4.2367523e-05,
				6.210587e-05,
				4.9789793e-05,
				4.392558e-05,
				3.0264211e-05,
				6.193968e-05,
				3.531783e-05,
				6.392392e-06,
				1.0877831e-06,
				3.836248e-05,
				0.00052279717,
				4.100228e-05
			],
			[
				5.001386e-06,
				3.7274665e-07,
				4.702545e-06,
				8.369636e-06,
				9.077703e-06,
				9.414017e-06,
				9.103779e-06,
				2.2917955e-05,
				1.44316145e-05,
				1.3938404e-06,
				6.291374e-07,
				5.5023015e-06,
				4.42926e-05,
				3.906231e-06
			]
		]
	},
	"AIA": {
		"131A": {
			"sum": 33723878400.0,
			"count": 30252,
			"max": 194621.25,
			"mean": 1114765.251884173
		},
		"1600A": {
			"sum": 293920772096.0,
			"count": 30252,
			"max": 8733.853,
			"mean": 9715746.796773767
		},
		"1700A": {
			"sum": 3605915500544.0,
			"count": 30252,
			"max": 19160.125,
			"mean": 119195937.4766627
		},
		"171A": {
			"sum": 964428333056.0,
			"count": 30252,
			"max": 47342.98,
			"mean": 31879820.60875314
		},
		"193A": {
			"sum": 1345701511168.0,
			"count": 30252,
			"max": 326718.1,
			"mean": 44483059.340473354
		},
		"211A": {
			"sum": 467157024768.0,
			"count": 30252,
			"max": 6949.484,
			"mean": 15442186.459341532
		},
		"304A": {
			"sum": 260842917888.0,
			"count": 30252,
			"max": 130677.266,
			"mean": 8622336.304641016
		},
		"335A": {
			"sum": 25021798400.0,
			"count": 30252,
			"max": 10762.803,
			"mean": 827112.2041517916
		},
		"94A": {
			"sum": 6430360576.0,
			"count": 30252,
			"max": 6217.629,
			"mean": 212559.84979505488
		}
	}
}
