{"EVE": {"Fe IX": {"count": 41330, "sum": 2.4839609, "mean": 6.0100676e-05, "std": 5.1350335e-06, "min": 4.674633e-05, "max": 8.1915845e-05}, "Fe VIII": {"count": 41330, "sum": 0.11931639, "mean": 2.8869197e-06, "std": 3.954491e-07, "min": 1.9322476e-06, "max": 5.47589e-06}, "eve_norm": [[6.0100676e-05, 2.8869197e-06], [5.1350335e-06, 3.954491e-07]]}, "AIA": {"171A": {"sum": 1323452547072.0, "count": 41330, "max": 47342.98, "mean": 32021595.622356642}, "193A": {"sum": 1852705718272.0, "count": 41330, "max": 555191.9, "mean": 44827140.534043066}, "304A": {"sum": 357615484928.0, "count": 41330, "max": 130677.266, "mean": 8652685.335785143}}}