{"EVE": {"C III": {"count": 6, "sum": 0.0009227162, "mean": 0.00015378604, "std": 1.0092205e-06, "min": 0.00015212581, "max": 0.00015540469}, "Fe IX": {"count": 6, "sum": 0.00036096553, "mean": 6.016092e-05, "std": 5.795629e-07, "min": 5.930933e-05, "max": 6.079537e-05}, "Fe VIII": {"count": 6, "sum": 1.7797085e-05, "mean": 2.9661808e-06, "std": 2.3252236e-08, "min": 2.936574e-06, "max": 3.005067e-06}, "Fe X": {"count": 6, "sum": 0.0002539539, "mean": 4.2325653e-05, "std": 1.8604646e-07, "min": 4.2040734e-05, "max": 4.2581087e-05}, "Fe XI": {"count": 6, "sum": 0.00036923026, "mean": 6.1538376e-05, "std": 1.4213701e-07, "min": 6.125448e-05, "max": 6.168761e-05}, "Fe XII": {"count": 6, "sum": 0.00029858443, "mean": 4.9764072e-05, "std": 1.2964475e-07, "min": 4.959067e-05, "max": 4.9938248e-05}, "Fe XIII": {"count": 6, "sum": 0.00026532324, "mean": 4.422054e-05, "std": 1.0289731e-07, "min": 4.4084594e-05, "max": 4.43434e-05}, "Fe XIV": {"count": 6, "sum": 0.00018533302, "mean": 3.0888838e-05, "std": 1.15024065e-07, "min": 3.0760657e-05, "max": 3.111286e-05}, "Fe XIX": {"count": 6, "sum": 6.1646706e-06, "mean": 1.0274451e-06, "std": 1.5855449e-08, "min": 1.0005178e-06, "max": 1.0482257e-06}, "Fe XV": {"count": 6, "sum": 0.00035270705, "mean": 5.878451e-05, "std": 3.037421e-07, "min": 5.8239548e-05, "max": 5.917536e-05}, "Fe XVI": {"count": 6, "sum": 0.00033639307, "mean": 5.6065513e-05, "std": 1.6125252e-06, "min": 5.4670745e-05, "max": 5.906318e-05}, "Fe XVIII": {"count": 6, "sum": 3.9450886e-05, "mean": 6.575148e-06, "std": 1.909672e-08, "min": 6.550699e-06, "max": 6.606196e-06}, "Fe XVI_2": {"count": 6, "sum": 0.00015343957, "mean": 2.5573261e-05, "std": 4.2313667e-07, "min": 2.4756917e-05, "max": 2.612208e-05}, "Fe XX": {"count": 6, "sum": 6.383865e-06, "mean": 1.0639775e-06, "std": 1.2614546e-08, "min": 1.0443487e-06, "max": 1.0845492e-06}, "Fe XX_2": {"count": 6, "sum": 8.101752e-06, "mean": 1.3502921e-06, "std": 1.14161685e-08, "min": 1.3366404e-06, "max": 1.3682471e-06}, "Fe XX_3": {"count": 6, "sum": 5.347276e-06, "mean": 8.9121266e-07, "std": 1.0103822e-07, "min": 7.442429e-07, "max": 1.0526473e-06}, "H I": {"count": 6, "sum": 8.726412e-05, "mean": 1.454402e-05, "std": 3.4159208e-07, "min": 1.4199959e-05, "max": 1.499349e-05}, "H I_2": {"count": 6, "sum": 0.00014145809, "mean": 2.357635e-05, "std": 3.3471446e-07, "min": 2.3106435e-05, "max": 2.4120018e-05}, "H I_3": {"count": 6, "sum": 0.00062130083, "mean": 0.00010355014, "std": 6.8611945e-07, "min": 0.000102814694, "max": 0.00010481437}, "He I": {"count": 6, "sum": 4.0582432e-05, "mean": 6.763739e-06, "std": 2.2882109e-08, "min": 6.740706e-06, "max": 6.8120285e-06}, "He II": {"count": 6, "sum": 0.00022568808, "mean": 3.761468e-05, "std": 1.2828362e-07, "min": 3.740865e-05, "max": 3.7770154e-05}, "He II_2": {"count": 6, "sum": 0.003132171, "mean": 0.0005220285, "std": 2.022767e-06, "min": 0.00051919906, "max": 0.0005251747}, "He I_2": {"count": 6, "sum": 0.00039358452, "mean": 6.559742e-05, "std": 1.1083975e-07, "min": 6.539898e-05, "max": 6.5736065e-05}, "Mg IX": {"count": 6, "sum": 0.00043278, "mean": 7.213e-05, "std": 5.020092e-07, "min": 7.129968e-05, "max": 7.280586e-05}, "Mg X": {"count": 6, "sum": 0.00011004617, "mean": 1.8341028e-05, "std": 1.3647704e-07, "min": 1.8164566e-05, "max": 1.8576538e-05}, "Mg X_2": {"count": 6, "sum": 8.460605e-05, "mean": 1.4101009e-05, "std": 6.511667e-08, "min": 1.4006946e-05, "max": 1.4184908e-05}, "Ne VII": {"count": 6, "sum": 0.00011110001, "mean": 1.8516668e-05, "std": 1.3590568e-07, "min": 1.831434e-05, "max": 1.8684286e-05}, "Ne VIII": {"count": 6, "sum": 9.2034374e-05, "mean": 1.5339063e-05, "std": 1.2388115e-07, "min": 1.5084377e-05, "max": 1.5446509e-05}, "O II": {"count": 6, "sum": 1.3799611e-05, "mean": 2.2999352e-06, "std": 6.545078e-08, "min": 2.207256e-06, "max": 2.4022836e-06}, "O III": {"count": 6, "sum": 1.6490332e-05, "mean": 2.7483886e-06, "std": 1.537769e-08, "min": 2.7186172e-06, "max": 2.7703293e-06}, "O III_2": {"count": 6, "sum": 3.098709e-05, "mean": 5.1645147e-06, "std": 3.588126e-08, "min": 5.1323495e-06, "max": 5.230151e-06}, "O II_2": {"count": 6, "sum": 0.0002192099, "mean": 3.6534984e-05, "std": 2.1255394e-07, "min": 3.6297442e-05, "max": 3.6824287e-05}, "O IV": {"count": 6, "sum": 0.00015583324, "mean": 2.5972207e-05, "std": 1.3845286e-07, "min": 2.5819914e-05, "max": 2.6168955e-05}, "O IV_2": {"count": 6, "sum": 0.00010373986, "mean": 1.7289976e-05, "std": 1.2556752e-07, "min": 1.7111326e-05, "max": 1.744336e-05}, "O V": {"count": 6, "sum": 0.00033757114, "mean": 5.6261855e-05, "std": 2.992445e-07, "min": 5.587653e-05, "max": 5.66744e-05}, "O VI": {"count": 6, "sum": 0.00043141178, "mean": 7.1901966e-05, "std": 4.0674917e-07, "min": 7.1388735e-05, "max": 7.266166e-05}, "S XIV": {"count": 6, "sum": 1.0315284e-05, "mean": 1.7192141e-06, "std": 3.3180605e-08, "min": 1.6488085e-06, "max": 1.7453068e-06}, "Si XII": {"count": 6, "sum": 0.00011833024, "mean": 1.9721707e-05, "std": 2.624552e-08, "min": 1.9667617e-05, "max": 1.9742265e-05}, "Si XII_2": {"count": 6, "sum": 5.056035e-05, "mean": 8.426725e-06, "std": 1.14951035e-08, "min": 8.416436e-06, "max": 8.443196e-06}, "eve_norm": [[0.00015378604, 6.016092e-05, 2.9661808e-06, 4.2325653e-05, 6.1538376e-05, 4.9764072e-05, 4.422054e-05, 3.0888838e-05, 1.0274451e-06, 5.878451e-05, 5.6065513e-05, 6.575148e-06, 2.5573261e-05, 1.0639775e-06, 1.3502921e-06, 8.9121266e-07, 1.454402e-05, 2.357635e-05, 0.00010355014, 6.763739e-06, 3.761468e-05, 0.0005220285, 6.559742e-05, 7.213e-05, 1.8341028e-05, 1.4101009e-05, 1.8516668e-05, 1.5339063e-05, 2.2999352e-06, 2.7483886e-06, 5.1645147e-06, 3.6534984e-05, 2.5972207e-05, 1.7289976e-05, 5.6261855e-05, 7.1901966e-05, 1.7192141e-06, 1.9721707e-05, 8.426725e-06], [1.0092205e-06, 5.795629e-07, 2.3252236e-08, 1.8604646e-07, 1.4213701e-07, 1.2964475e-07, 1.0289731e-07, 1.15024065e-07, 1.5855449e-08, 3.037421e-07, 1.6125252e-06, 1.909672e-08, 4.2313667e-07, 1.2614546e-08, 1.14161685e-08, 1.0103822e-07, 3.4159208e-07, 3.3471446e-07, 6.8611945e-07, 2.2882109e-08, 1.2828362e-07, 2.022767e-06, 1.1083975e-07, 5.020092e-07, 1.3647704e-07, 6.511667e-08, 1.3590568e-07, 1.2388115e-07, 6.545078e-08, 1.537769e-08, 3.588126e-08, 2.1255394e-07, 1.3845286e-07, 1.2556752e-07, 2.992445e-07, 4.0674917e-07, 3.3180605e-08, 2.624552e-08, 1.14951035e-08]]}, "AIA": {"131A": {"sum": 4548349.0, "max": 74.762146, "std": 3.395487, "skew": 3.0204537, "kurtosis": 16.898802, "image_count": 6, "pixel_count": 1572864, "mean": 2.8917624155680337}, "1600A": {"sum": 55910532.0, "max": 466.51733, "std": 36.198997, "skew": 0.3985045, "kurtosis": -1.199682, "image_count": 6, "pixel_count": 1572864, "mean": 35.546958923339844}, "1700A": {"sum": 699594200.0, "max": 3088.7515, "std": 461.6079, "skew": 0.509024, "kurtosis": -1.1097919, "image_count": 6, "pixel_count": 1572864, "mean": 444.7899983723958}, "171A": {"sum": 163179300.0, "max": 1440.6562, "std": 103.956955, "skew": 1.4672118, "kurtosis": 3.7166362, "image_count": 6, "pixel_count": 1572864, "mean": 103.74660237630208}, "193A": {"sum": 158228830.0, "max": 2785.2478, "std": 119.29094, "skew": 3.2598832, "kurtosis": 18.609583, "image_count": 6, "pixel_count": 1572864, "mean": 100.59918212890625}, "211A": {"sum": 42900030.0, "max": 1037.8695, "std": 36.242527, "skew": 5.6693754, "kurtosis": 64.834496, "image_count": 6, "pixel_count": 1572864, "mean": 27.275105794270832}, "304A": {"sum": 42851772.0, "max": 598.07666, "std": 28.662119, "skew": 1.1904047, "kurtosis": 3.9506893, "image_count": 6, "pixel_count": 1572864, "mean": 27.244422912597656}, "335A": {"sum": 2407385.0, "max": 76.52984, "std": 1.9779953, "skew": 8.341937, "kurtosis": 151.5414, "image_count": 6, "pixel_count": 1572864, "mean": 1.5305741628011067}, "94A": {"sum": 702283.6, "max": 311.60123, "std": 0.613644, "skew": 93.6276, "kurtosis": 43843.316, "image_count": 6, "pixel_count": 1572864, "mean": 0.44649990399678546}}}