{"EVE": {"C III": {"count": 16, "sum": 0.0024626288, "mean": 0.0001539143, "std": 1.1259962e-06, "min": 0.00015198137, "max": 0.00015577368}, "Fe IX": {"count": 16, "sum": 0.00096610084, "mean": 6.0381302e-05, "std": 3.7534053e-07, "min": 5.9693102e-05, "max": 6.092091e-05}, "Fe VIII": {"count": 16, "sum": 4.7344558e-05, "mean": 2.9590349e-06, "std": 2.8635025e-08, "min": 2.900936e-06, "max": 3.0012563e-06}, "Fe X": {"count": 16, "sum": 0.0006771253, "mean": 4.232033e-05, "std": 1.583719e-07, "min": 4.1975858e-05, "max": 4.253664e-05}, "Fe XI": {"count": 16, "sum": 0.0009859175, "mean": 6.1619845e-05, "std": 1.5621197e-07, "min": 6.135446e-05, "max": 6.1931394e-05}, "Fe XII": {"count": 16, "sum": 0.00079615624, "mean": 4.9759765e-05, "std": 1.6223768e-07, "min": 4.9539696e-05, "max": 5.003653e-05}, "Fe XIII": {"count": 16, "sum": 0.0007075008, "mean": 4.42188e-05, "std": 1.4722568e-07, "min": 4.4006174e-05, "max": 4.4511497e-05}, "Fe XIV": {"count": 16, "sum": 0.00049434963, "mean": 3.0896852e-05, "std": 1.04731285e-07, "min": 3.0673895e-05, "max": 3.10617e-05}, "Fe XIX": {"count": 16, "sum": 1.6268898e-05, "mean": 1.0168061e-06, "std": 1.1409407e-08, "min": 9.953474e-07, "max": 1.0450451e-06}, "Fe XV": {"count": 16, "sum": 0.00094050926, "mean": 5.878183e-05, "std": 2.823711e-07, "min": 5.8284317e-05, "max": 5.911183e-05}, "Fe XVI": {"count": 16, "sum": 0.0009087707, "mean": 5.679817e-05, "std": 1.944244e-06, "min": 5.2094896e-05, "max": 5.89689e-05}, "Fe XVIII": {"count": 16, "sum": 0.00010533615, "mean": 6.5835093e-06, "std": 2.28944e-08, "min": 6.537261e-06, "max": 6.631531e-06}, "Fe XVI_2": {"count": 16, "sum": 0.00041016858, "mean": 2.5635536e-05, "std": 3.657834e-07, "min": 2.4881701e-05, "max": 2.6305139e-05}, "Fe XX": {"count": 16, "sum": 1.6882994e-05, "mean": 1.0551871e-06, "std": 1.05314735e-08, "min": 1.0321907e-06, "max": 1.0713032e-06}, "Fe XX_2": {"count": 16, "sum": 2.1673623e-05, "mean": 1.3546014e-06, "std": 1.4800028e-08, "min": 1.3391364e-06, "max": 1.3837221e-06}, "Fe XX_3": {"count": 16, "sum": 1.3484209e-05, "mean": 8.427631e-07, "std": 6.052109e-08, "min": 7.5744134e-07, "max": 9.729919e-07}, "H I": {"count": 16, "sum": 0.00023180337, "mean": 1.448771e-05, "std": 3.887536e-07, "min": 1.4042244e-05, "max": 1.5502843e-05}, "H I_2": {"count": 16, "sum": 0.00037934148, "mean": 2.3708842e-05, "std": 5.0096355e-07, "min": 2.2926137e-05, "max": 2.4482104e-05}, "H I_3": {"count": 16, "sum": 0.0016610831, "mean": 0.00010381769, "std": 8.627718e-07, "min": 0.00010221891, "max": 0.000105340485}, "He I": {"count": 16, "sum": 0.000108225824, "mean": 6.764114e-06, "std": 4.866177e-08, "min": 6.6501398e-06, "max": 6.840004e-06}, "He II": {"count": 16, "sum": 0.00060015067, "mean": 3.7509417e-05, "std": 1.7756808e-07, "min": 3.724316e-05, "max": 3.7892067e-05}, "He II_2": {"count": 16, "sum": 0.008349976, "mean": 0.0005218735, "std": 1.314497e-06, "min": 0.00051989994, "max": 0.0005241342}, "He I_2": {"count": 16, "sum": 0.0010487603, "mean": 6.5547516e-05, "std": 2.4289542e-07, "min": 6.495329e-05, "max": 6.600415e-05}, "Mg IX": {"count": 16, "sum": 0.0011559951, "mean": 7.224969e-05, "std": 7.48088e-07, "min": 7.101127e-05, "max": 7.36678e-05}, "Mg X": {"count": 16, "sum": 0.00029413463, "mean": 1.8383414e-05, "std": 1.7384187e-07, "min": 1.8055616e-05, "max": 1.865226e-05}, "Mg X_2": {"count": 16, "sum": 0.00022645516, "mean": 1.4153447e-05, "std": 7.285812e-08, "min": 1.3987796e-05, "max": 1.4304625e-05}, "Ne VII": {"count": 16, "sum": 0.0002964157, "mean": 1.8525981e-05, "std": 1.5998732e-07, "min": 1.8186252e-05, "max": 1.876736e-05}, "Ne VIII": {"count": 16, "sum": 0.00024505187, "mean": 1.5315742e-05, "std": 1.8031604e-07, "min": 1.5001137e-05, "max": 1.5712058e-05}, "O II": {"count": 16, "sum": 3.617014e-05, "mean": 2.2606337e-06, "std": 5.7851146e-08, "min": 2.156872e-06, "max": 2.3626837e-06}, "O III": {"count": 16, "sum": 4.396735e-05, "mean": 2.7479593e-06, "std": 2.1819842e-08, "min": 2.6985656e-06, "max": 2.7939034e-06}, "O III_2": {"count": 16, "sum": 8.225933e-05, "mean": 5.141208e-06, "std": 3.4343145e-08, "min": 5.0844455e-06, "max": 5.200944e-06}, "O II_2": {"count": 16, "sum": 0.0005813019, "mean": 3.633137e-05, "std": 3.6651758e-07, "min": 3.570404e-05, "max": 3.682215e-05}, "O IV": {"count": 16, "sum": 0.00041504344, "mean": 2.5940215e-05, "std": 1.2701612e-07, "min": 2.5707443e-05, "max": 2.618297e-05}, "O IV_2": {"count": 16, "sum": 0.00027533717, "mean": 1.7208573e-05, "std": 1.9069289e-07, "min": 1.6686807e-05, "max": 1.7484359e-05}, "O V": {"count": 16, "sum": 0.0008999925, "mean": 5.624953e-05, "std": 3.277357e-07, "min": 5.591545e-05, "max": 5.692999e-05}, "O VI": {"count": 16, "sum": 0.0011462221, "mean": 7.163888e-05, "std": 6.2575714e-07, "min": 7.035367e-05, "max": 7.2984236e-05}, "S XIV": {"count": 16, "sum": 2.7023634e-05, "mean": 1.6889771e-06, "std": 3.7601502e-08, "min": 1.5864116e-06, "max": 1.7632013e-06}, "Si XII": {"count": 16, "sum": 0.00031586585, "mean": 1.9741616e-05, "std": 5.1939754e-08, "min": 1.9658215e-05, "max": 1.9828658e-05}, "Si XII_2": {"count": 16, "sum": 0.00013507454, "mean": 8.442159e-06, "std": 4.2036323e-08, "min": 8.38555e-06, "max": 8.511362e-06}, "eve_norm": [[0.0001539143, 6.0381302e-05, 2.9590349e-06, 4.232033e-05, 6.1619845e-05, 4.9759765e-05, 4.42188e-05, 3.0896852e-05, 1.0168061e-06, 5.878183e-05, 5.679817e-05, 6.5835093e-06, 2.5635536e-05, 1.0551871e-06, 1.3546014e-06, 8.427631e-07, 1.448771e-05, 2.3708842e-05, 0.00010381769, 6.764114e-06, 3.7509417e-05, 0.0005218735, 6.5547516e-05, 7.224969e-05, 1.8383414e-05, 1.4153447e-05, 1.8525981e-05, 1.5315742e-05, 2.2606337e-06, 2.7479593e-06, 5.141208e-06, 3.633137e-05, 2.5940215e-05, 1.7208573e-05, 5.624953e-05, 7.163888e-05, 1.6889771e-06, 1.9741616e-05, 8.442159e-06], [1.1259962e-06, 3.7534053e-07, 2.8635025e-08, 1.583719e-07, 1.5621197e-07, 1.6223768e-07, 1.4722568e-07, 1.04731285e-07, 1.1409407e-08, 2.823711e-07, 1.944244e-06, 2.28944e-08, 3.657834e-07, 1.05314735e-08, 1.4800028e-08, 6.052109e-08, 3.887536e-07, 5.0096355e-07, 8.627718e-07, 4.866177e-08, 1.7756808e-07, 1.314497e-06, 2.4289542e-07, 7.48088e-07, 1.7384187e-07, 7.285812e-08, 1.5998732e-07, 1.8031604e-07, 5.7851146e-08, 2.1819842e-08, 3.4343145e-08, 3.6651758e-07, 1.2701612e-07, 1.9069289e-07, 3.277357e-07, 6.2575714e-07, 3.7601502e-08, 5.1939754e-08, 4.2036323e-08]]}, "AIA": {"131A": {"sum": 12133499.0, "max": 80.51632, "std": 3.3989222, "skew": 3.02511, "kurtosis": 16.977175, "image_count": 16, "pixel_count": 4194304, "mean": 2.8928515911102295}, "1600A": {"sum": 149090780.0, "max": 489.41965, "std": 36.18331, "skew": 0.39647534, "kurtosis": -1.2036527, "image_count": 16, "pixel_count": 4194304, "mean": 35.54601287841797}, "1700A": {"sum": 1866339800.0, "max": 3009.1343, "std": 461.84714, "skew": 0.50911015, "kurtosis": -1.1115131, "image_count": 16, "pixel_count": 4194304, "mean": 444.9700927734375}, "171A": {"sum": 435542620.0, "max": 1455.3262, "std": 104.06826, "skew": 1.4677422, "kurtosis": 3.7118783, "image_count": 16, "pixel_count": 4194304, "mean": 103.8414535522461}, "193A": {"sum": 421982530.0, "max": 2785.2478, "std": 119.385155, "skew": 3.2699802, "kurtosis": 18.724968, "image_count": 16, "pixel_count": 4194304, "mean": 100.60847473144531}, "211A": {"sum": 114416780.0, "max": 1110.3741, "std": 36.21422, "skew": 5.659176, "kurtosis": 64.80404, "image_count": 16, "pixel_count": 4194304, "mean": 27.27908706665039}, "304A": {"sum": 114299230.0, "max": 598.07666, "std": 28.660036, "skew": 1.1827794, "kurtosis": 3.784834, "image_count": 16, "pixel_count": 4194304, "mean": 27.251060485839844}, "335A": {"sum": 6427351.5, "max": 122.15884, "std": 1.9921865, "skew": 8.784004, "kurtosis": 177.57605, "image_count": 16, "pixel_count": 4194304, "mean": 1.5324000120162964}, "94A": {"sum": 1870777.9, "max": 9.626192, "std": 0.549972, "skew": 4.094388, "kurtosis": 25.834345, "image_count": 16, "pixel_count": 4194304, "mean": 0.4460282027721405}}}