{
	"EVE": {
		"C III": {
			"count": 1,
			"sum": 0.00015533442,
			"mean": 0.00015533442,
			"std": 0.0,
			"min": 0.00015533442,
			"max": 0.00015533442
		},
		"Fe IX": {
			"count": 1,
			"sum": 6.039468e-05,
			"mean": 6.039468e-05,
			"std": 0.0,
			"min": 6.039468e-05,
			"max": 6.039468e-05
		},
		"Fe VIII": {
			"count": 1,
			"sum": 2.9498187e-06,
			"mean": 2.9498187e-06,
			"std": 0.0,
			"min": 2.9498187e-06,
			"max": 2.9498187e-06
		},
		"Fe X": {
			"count": 1,
			"sum": 4.2515738e-05,
			"mean": 4.2515738e-05,
			"std": 0.0,
			"min": 4.2515738e-05,
			"max": 4.2515738e-05
		},
		"Fe XI": {
			"count": 1,
			"sum": 6.161201e-05,
			"mean": 6.161201e-05,
			"std": 0.0,
			"min": 6.161201e-05,
			"max": 6.161201e-05
		},
		"Fe XII": {
			"count": 1,
			"sum": 4.988519e-05,
			"mean": 4.988519e-05,
			"std": 0.0,
			"min": 4.988519e-05,
			"max": 4.988519e-05
		},
		"Fe XIII": {
			"count": 1,
			"sum": 4.4256423e-05,
			"mean": 4.4256423e-05,
			"std": 0.0,
			"min": 4.4256423e-05,
			"max": 4.4256423e-05
		},
		"Fe XIV": {
			"count": 1,
			"sum": 3.0859832e-05,
			"mean": 3.0859832e-05,
			"std": 0.0,
			"min": 3.0859832e-05,
			"max": 3.0859832e-05
		},
		"Fe XIX": {
			"count": 1,
			"sum": 1.006091e-06,
			"mean": 1.006091e-06,
			"std": 0.0,
			"min": 1.006091e-06,
			"max": 1.006091e-06
		},
		"Fe XV": {
			"count": 1,
			"sum": 5.90141e-05,
			"mean": 5.90141e-05,
			"std": 0.0,
			"min": 5.90141e-05,
			"max": 5.90141e-05
		},
		"Fe XVI": {
			"count": 1,
			"sum": 5.5383553e-05,
			"mean": 5.5383553e-05,
			"std": 0.0,
			"min": 5.5383553e-05,
			"max": 5.5383553e-05
		},
		"Fe XVIII": {
			"count": 1,
			"sum": 6.590819e-06,
			"mean": 6.590819e-06,
			"std": 0.0,
			"min": 6.590819e-06,
			"max": 6.590819e-06
		},
		"Fe XVI_2": {
			"count": 1,
			"sum": 2.6142015e-05,
			"mean": 2.6142015e-05,
			"std": 0.0,
			"min": 2.6142015e-05,
			"max": 2.6142015e-05
		},
		"Fe XX": {
			"count": 1,
			"sum": 1.0605521e-06,
			"mean": 1.0605521e-06,
			"std": 0.0,
			"min": 1.0605521e-06,
			"max": 1.0605521e-06
		},
		"Fe XX_2": {
			"count": 1,
			"sum": 1.357096e-06,
			"mean": 1.357096e-06,
			"std": 0.0,
			"min": 1.357096e-06,
			"max": 1.357096e-06
		},
		"Fe XX_3": {
			"count": 1,
			"sum": 9.3751396e-07,
			"mean": 9.3751396e-07,
			"std": 0.0,
			"min": 9.3751396e-07,
			"max": 9.3751396e-07
		},
		"H I": {
			"count": 1,
			"sum": 1.4567321e-05,
			"mean": 1.4567321e-05,
			"std": 0.0,
			"min": 1.4567321e-05,
			"max": 1.4567321e-05
		},
		"H I_2": {
			"count": 1,
			"sum": 2.4245368e-05,
			"mean": 2.4245368e-05,
			"std": 0.0,
			"min": 2.4245368e-05,
			"max": 2.4245368e-05
		},
		"H I_3": {
			"count": 1,
			"sum": 0.00010425447,
			"mean": 0.00010425447,
			"std": 0.0,
			"min": 0.00010425447,
			"max": 0.00010425447
		},
		"He I": {
			"count": 1,
			"sum": 6.710574e-06,
			"mean": 6.710574e-06,
			"std": 0.0,
			"min": 6.710574e-06,
			"max": 6.710574e-06
		},
		"He II": {
			"count": 1,
			"sum": 3.7778762e-05,
			"mean": 3.7778762e-05,
			"std": 0.0,
			"min": 3.7778762e-05,
			"max": 3.7778762e-05
		},
		"He II_2": {
			"count": 1,
			"sum": 0.00052336,
			"mean": 0.00052336,
			"std": 0.0,
			"min": 0.00052336,
			"max": 0.00052336
		},
		"He I_2": {
			"count": 1,
			"sum": 6.570774e-05,
			"mean": 6.570774e-05,
			"std": 0.0,
			"min": 6.570774e-05,
			"max": 6.570774e-05
		},
		"Mg IX": {
			"count": 1,
			"sum": 7.286819e-05,
			"mean": 7.286819e-05,
			"std": 0.0,
			"min": 7.286819e-05,
			"max": 7.286819e-05
		},
		"Mg X": {
			"count": 1,
			"sum": 1.8330536e-05,
			"mean": 1.8330536e-05,
			"std": 0.0,
			"min": 1.8330536e-05,
			"max": 1.8330536e-05
		},
		"Mg X_2": {
			"count": 1,
			"sum": 1.4155133e-05,
			"mean": 1.4155133e-05,
			"std": 0.0,
			"min": 1.4155133e-05,
			"max": 1.4155133e-05
		},
		"Ne VII": {
			"count": 1,
			"sum": 1.8587509e-05,
			"mean": 1.8587509e-05,
			"std": 0.0,
			"min": 1.8587509e-05,
			"max": 1.8587509e-05
		},
		"Ne VIII": {
			"count": 1,
			"sum": 1.5483602e-05,
			"mean": 1.5483602e-05,
			"std": 0.0,
			"min": 1.5483602e-05,
			"max": 1.5483602e-05
		},
		"O II": {
			"count": 1,
			"sum": 2.3488394e-06,
			"mean": 2.3488394e-06,
			"std": 0.0,
			"min": 2.3488394e-06,
			"max": 2.3488394e-06
		},
		"O III": {
			"count": 1,
			"sum": 2.7460592e-06,
			"mean": 2.7460592e-06,
			"std": 0.0,
			"min": 2.7460592e-06,
			"max": 2.7460592e-06
		},
		"O III_2": {
			"count": 1,
			"sum": 5.169652e-06,
			"mean": 5.169652e-06,
			"std": 0.0,
			"min": 5.169652e-06,
			"max": 5.169652e-06
		},
		"O II_2": {
			"count": 1,
			"sum": 3.667385e-05,
			"mean": 3.667385e-05,
			"std": 0.0,
			"min": 3.667385e-05,
			"max": 3.667385e-05
		},
		"O IV": {
			"count": 1,
			"sum": 2.6050135e-05,
			"mean": 2.6050135e-05,
			"std": 0.0,
			"min": 2.6050135e-05,
			"max": 2.6050135e-05
		},
		"O IV_2": {
			"count": 1,
			"sum": 1.7066137e-05,
			"mean": 1.7066137e-05,
			"std": 0.0,
			"min": 1.7066137e-05,
			"max": 1.7066137e-05
		},
		"O V": {
			"count": 1,
			"sum": 5.663453e-05,
			"mean": 5.663453e-05,
			"std": 0.0,
			"min": 5.663453e-05,
			"max": 5.663453e-05
		},
		"O VI": {
			"count": 1,
			"sum": 7.2853836e-05,
			"mean": 7.2853836e-05,
			"std": 0.0,
			"min": 7.2853836e-05,
			"max": 7.2853836e-05
		},
		"S XIV": {
			"count": 1,
			"sum": 1.6954723e-06,
			"mean": 1.6954723e-06,
			"std": 0.0,
			"min": 1.6954723e-06,
			"max": 1.6954723e-06
		},
		"Si XII": {
			"count": 1,
			"sum": 1.971172e-05,
			"mean": 1.971172e-05,
			"std": 0.0,
			"min": 1.971172e-05,
			"max": 1.971172e-05
		},
		"Si XII_2": {
			"count": 1,
			"sum": 8.476385e-06,
			"mean": 8.476385e-06,
			"std": 0.0,
			"min": 8.476385e-06,
			"max": 8.476385e-06
		},
		"eve_norm": [
			[
				0.00015533442,
				6.039468e-05,
				2.9498187e-06,
				4.2515738e-05,
				6.161201e-05,
				4.988519e-05,
				4.4256423e-05,
				3.0859832e-05,
				1.006091e-06,
				5.90141e-05,
				5.5383553e-05,
				6.590819e-06,
				2.6142015e-05,
				1.0605521e-06,
				1.357096e-06,
				9.3751396e-07,
				1.4567321e-05,
				2.4245368e-05,
				0.00010425447,
				6.710574e-06,
				3.7778762e-05,
				0.00052336,
				6.570774e-05,
				7.286819e-05,
				1.8330536e-05,
				1.4155133e-05,
				1.8587509e-05,
				1.5483602e-05,
				2.3488394e-06,
				2.7460592e-06,
				5.169652e-06,
				3.667385e-05,
				2.6050135e-05,
				1.7066137e-05,
				5.663453e-05,
				7.2853836e-05,
				1.6954723e-06,
				1.971172e-05,
				8.476385e-06
			],
			[
				0.0,
				0.0,
				0.0,
				0.0,
				0.0,
				0.0,
				0.0,
				0.0,
				0.0,
				0.0,
				0.0,
				0.0,
				0.0,
				0.0,
				0.0,
				0.0,
				0.0,
				0.0,
				0.0,
				0.0,
				0.0,
				0.0,
				0.0,
				0.0,
				0.0,
				0.0,
				0.0,
				0.0,
				0.0,
				0.0,
				0.0,
				0.0,
				0.0,
				0.0,
				0.0,
				0.0,
				0.0,
				0.0,
				0.0
			]
		]
	},
	"AIA": {
		"131A": {
			"sum": 758438.06,
			"max": 70.083786,
			"std": 3.399208,
			"skew": 3.0275428,
			"kurtosis": 17.015205,
			"image_count": 1,
			"pixel_count": 262144,
			"mean": 2.893211603164673
		},
		"1600A": {
			"sum": 9306084.0,
			"max": 588.1272,
			"std": 36.154625,
			"skew": 0.40629068,
			"kurtosis": -1.0183322,
			"image_count": 1,
			"pixel_count": 262144,
			"mean": 35.49989318847656
		},
		"1700A": {
			"sum": 116680430.0,
			"max": 2838.1575,
			"std": 462.1042,
			"skew": 0.51064414,
			"kurtosis": -1.1061418,
			"image_count": 1,
			"pixel_count": 262144,
			"mean": 445.10052490234375
		},
		"171A": {
			"sum": 27283372.0,
			"max": 1266.7501,
			"std": 104.63636,
			"skew": 1.5057734,
			"kurtosis": 4.0535355,
			"image_count": 1,
			"pixel_count": 262144,
			"mean": 104.07780456542969
		},
		"193A": {
			"sum": 26385496.0,
			"max": 2319.3186,
			"std": 119.35067,
			"skew": 3.2774463,
			"kurtosis": 18.957117,
			"image_count": 1,
			"pixel_count": 262144,
			"mean": 100.65267944335938
		},
		"211A": {
			"sum": 7155097.5,
			"max": 925.7706,
			"std": 36.294205,
			"skew": 5.690389,